GPRD;DATE_ONLY
109,07;2011-11-18
75,72;2011-11-19
58,42;2011-11-20
111,56;2011-11-21
58,25;2011-11-22
102,49;2011-11-23
67,85;2011-11-24
83,16;2011-11-25
49,88;2011-11-26
113,08;2011-11-27
105,42;2011-11-28
107,73;2011-11-29
84,25;2011-11-30
104,03;2011-12-01
104,31;2011-12-02
76,69;2011-12-03
58,46;2011-12-04
97,07;2011-12-05
73,94;2011-12-06
49,84;2011-12-07
87,08;2011-12-08
71,66;2011-12-09
32,53;2011-12-10
33,94;2011-12-11
99,59;2011-12-12
89,63;2011-12-13
113,06;2011-12-14
82,24;2011-12-15
118,86;2011-12-16
48,18;2011-12-17
68,87;2011-12-18
86,15;2011-12-19
180,25;2011-12-20
80,14;2011-12-21
83,38;2011-12-22
75,76;2011-12-23
93,64;2011-12-24
62,95;2011-12-25
103,27;2011-12-26
68,30;2011-12-27
86,67;2011-12-28
115,55;2011-12-29
125,90;2011-12-30
57,44;2011-12-31
72,44;2012-01-01
60,11;2012-01-02
88,10;2012-01-03
76,94;2012-01-04
82,44;2012-01-05
100,60;2012-01-06
73,75;2012-01-07
55,73;2012-01-08
88,39;2012-01-09
66,64;2012-01-10
103,97;2012-01-11
103,84;2012-01-12
98,10;2012-01-13
102,56;2012-01-14
53,32;2012-01-15
72,86;2012-01-16
56,63;2012-01-17
73,86;2012-01-18
103,20;2012-01-19
70,93;2012-01-20
60,44;2012-01-21
39,20;2012-01-22
109,54;2012-01-23
103,52;2012-01-24
65,63;2012-01-25
85,76;2012-01-26
58,42;2012-01-27
51,40;2012-01-28
38,22;2012-01-29
128,43;2012-01-30
69,98;2012-01-31
134,97;2012-02-01
57,82;2012-02-02
102,98;2012-02-03
65,95;2012-02-04
40,40;2012-02-05
124,92;2012-02-06
142,99;2012-02-07
82,25;2012-02-08
85,78;2012-02-09
68,33;2012-02-10
51,01;2012-02-11
45,38;2012-02-12
61,83;2012-02-13
80,42;2012-02-14
128,72;2012-02-15
81,79;2012-02-16
49,79;2012-02-17
90,72;2012-02-18
42,47;2012-02-19
150,12;2012-02-20
141,49;2012-02-21
101,15;2012-02-22
68,30;2012-02-23
152,73;2012-02-24
133,75;2012-02-25
51,56;2012-02-26
55,00;2012-02-27
113,57;2012-02-28
146,90;2012-02-29
91,45;2012-03-01
99,76;2012-03-02
70,79;2012-03-03
94,46;2012-03-04
116,52;2012-03-05
110,79;2012-03-06
138,18;2012-03-07
154,15;2012-03-08
132,38;2012-03-09
24,95;2012-03-10
46,10;2012-03-11
71,49;2012-03-12
64,65;2012-03-13
69,16;2012-03-14
64,95;2012-03-15
72,73;2012-03-16
53,29;2012-03-17
31,61;2012-03-18
107,00;2012-03-19
104,61;2012-03-20
124,38;2012-03-21
67,60;2012-03-22
93,31;2012-03-23
51,31;2012-03-24
51,46;2012-03-25
79,67;2012-03-26
116,37;2012-03-27
149,58;2012-03-28
83,45;2012-03-29
103,07;2012-03-30
91,25;2012-03-31
141,78;2012-04-01
154,47;2012-04-02
134,50;2012-04-03
126,08;2012-04-04
116,87;2012-04-05
88,28;2012-04-06
91,54;2012-04-07
76,59;2012-04-08
126,88;2012-04-09
116,15;2012-04-10
85,70;2012-04-11
136,67;2012-04-12
112,74;2012-04-13
83,19;2012-04-14
56,68;2012-04-15
136,95;2012-04-16
117,75;2012-04-17
99,27;2012-04-18
65,09;2012-04-19
100,38;2012-04-20
48,30;2012-04-21
60,47;2012-04-22
90,46;2012-04-23
93,37;2012-04-24
83,95;2012-04-25
118,68;2012-04-26
84,50;2012-04-27
34,00;2012-04-28
69,94;2012-04-29
99,85;2012-04-30
75,19;2012-05-01
87,57;2012-05-02
101,76;2012-05-03
62,24;2012-05-04
38,94;2012-05-05
25,48;2012-05-06
60,39;2012-05-07
84,52;2012-05-08
54,60;2012-05-09
55,44;2012-05-10
110,31;2012-05-11
30,91;2012-05-12
53,86;2012-05-13
65,92;2012-05-14
92,66;2012-05-15
67,07;2012-05-16
53,89;2012-05-17
147,15;2012-05-18
77,57;2012-05-19
73,61;2012-05-20
59,07;2012-05-21
115,74;2012-05-22
86,14;2012-05-23
113,44;2012-05-24
81,91;2012-05-25
57,16;2012-05-26
46,75;2012-05-27
157,49;2012-05-28
91,10;2012-05-29
88,28;2012-05-30
91,92;2012-05-31
67,90;2012-06-01
48,76;2012-06-02
12,99;2012-06-03
40,62;2012-06-04
67,33;2012-06-05
69,87;2012-06-06
102,94;2012-06-07
92,91;2012-06-08
89,53;2012-06-09
60,35;2012-06-10
78,35;2012-06-11
92,02;2012-06-12
99,34;2012-06-13
112,46;2012-06-14
55,38;2012-06-15
58,84;2012-06-16
69,59;2012-06-17
102,82;2012-06-18
111,61;2012-06-19
147,88;2012-06-20
73,04;2012-06-21
72,01;2012-06-22
44,93;2012-06-23
60,35;2012-06-24
99,97;2012-06-25
129,90;2012-06-26
48,39;2012-06-27
92,02;2012-06-28
80,06;2012-06-29
45,57;2012-06-30
19,56;2012-07-01
45,32;2012-07-02
77,42;2012-07-03
129,36;2012-07-04
82,71;2012-07-05
62,65;2012-07-06
60,75;2012-07-07
28,80;2012-07-08
83,70;2012-07-09
97,55;2012-07-10
69,27;2012-07-11
66,02;2012-07-12
107,78;2012-07-13
80,49;2012-07-14
48,21;2012-07-15
54,23;2012-07-16
155,83;2012-07-17
104,49;2012-07-18
147,79;2012-07-19
166,37;2012-07-20
40,65;2012-07-21
58,12;2012-07-22
80,69;2012-07-23
109,74;2012-07-24
86,86;2012-07-25
76,39;2012-07-26
67,26;2012-07-27
60,39;2012-07-28
71,45;2012-07-29
112,50;2012-07-30
65,10;2012-07-31
67,75;2012-08-01
52,75;2012-08-02
74,24;2012-08-03
45,38;2012-08-04
53,11;2012-08-05
99,59;2012-08-06
114,61;2012-08-07
75,29;2012-08-08
87,44;2012-08-09
85,20;2012-08-10
52,34;2012-08-11
63,95;2012-08-12
89,93;2012-08-13
109,06;2012-08-14
94,53;2012-08-15
95,70;2012-08-16
104,33;2012-08-17
49,15;2012-08-18
34,65;2012-08-19
69,01;2012-08-20
75,39;2012-08-21
123,79;2012-08-22
76,19;2012-08-23
69,70;2012-08-24
28,86;2012-08-25
53,43;2012-08-26
83,16;2012-08-27
73,71;2012-08-28
65,18;2012-08-29
84,22;2012-08-30
69,29;2012-08-31
48,18;2012-09-01
64,07;2012-09-02
57,53;2012-09-03
83,34;2012-09-04
81,70;2012-09-05
54,94;2012-09-06
69,74;2012-09-07
63,18;2012-09-08
66,14;2012-09-09
66,43;2012-09-10
79,34;2012-09-11
99,16;2012-09-12
65,81;2012-09-13
76,23;2012-09-14
49,44;2012-09-15
75,14;2012-09-16
92,02;2012-09-17
82,92;2012-09-18
53,06;2012-09-19
52,32;2012-09-20
67,90;2012-09-21
28,17;2012-09-22
51,76;2012-09-23
60,31;2012-09-24
74,93;2012-09-25
87,27;2012-09-26
106,64;2012-09-27
89,98;2012-09-28
62,02;2012-09-29
59,51;2012-09-30
52,10;2012-10-01
81,34;2012-10-02
63,85;2012-10-03
72,01;2012-10-04
87,97;2012-10-05
49,23;2012-10-06
39,36;2012-10-07
92,60;2012-10-08
108,15;2012-10-09
64,53;2012-10-10
89,17;2012-10-11
81,25;2012-10-12
74,74;2012-10-13
46,47;2012-10-14
129,81;2012-10-15
79,96;2012-10-16
95,45;2012-10-17
109,91;2012-10-18
103,82;2012-10-19
71,02;2012-10-20
82,66;2012-10-21
163,36;2012-10-22
106,50;2012-10-23
74,36;2012-10-24
89,96;2012-10-25
67,88;2012-10-26
50,01;2012-10-27
50,77;2012-10-28
117,22;2012-10-29
69,49;2012-10-30
75,20;2012-10-31
53,59;2012-11-01
55,21;2012-11-02
61,56;2012-11-03
55,52;2012-11-04
61,57;2012-11-05
129,59;2012-11-06
43,59;2012-11-07
59,49;2012-11-08
72,01;2012-11-09
54,08;2012-11-10
51,66;2012-11-11
108,34;2012-11-12
61,27;2012-11-13
56,92;2012-11-14
96,57;2012-11-15
98,02;2012-11-16
110,42;2012-11-17
79,14;2012-11-18
116,35;2012-11-19
135,60;2012-11-20
116,18;2012-11-21
121,63;2012-11-22
122,55;2012-11-23
62,56;2012-11-24
50,74;2012-11-25
110,56;2012-11-26
67,26;2012-11-27
55,39;2012-11-28
56,95;2012-11-29
68,23;2012-11-30
36,50;2012-12-01
73,61;2012-12-02
67,43;2012-12-03
101,98;2012-12-04
84,94;2012-12-05
39,54;2012-12-06
107,20;2012-12-07
61,23;2012-12-08
21,23;2012-12-09
59,92;2012-12-10
107,63;2012-12-11
108,61;2012-12-12
95,92;2012-12-13
104,72;2012-12-14
57,11;2012-12-15
57,55;2012-12-16
87,63;2012-12-17
80,30;2012-12-18
102,02;2012-12-19
82,30;2012-12-20
77,04;2012-12-21
60,72;2012-12-22
67,74;2012-12-23
89,39;2012-12-24
105,40;2012-12-25
55,93;2012-12-26
62,00;2012-12-27
103,94;2012-12-28
46,18;2012-12-29
68,85;2012-12-30
49,50;2012-12-31
116,83;2013-01-01
82,33;2013-01-02
78,43;2013-01-03
80,40;2013-01-04
55,05;2013-01-05
21,65;2013-01-06
83,81;2013-01-07
84,63;2013-01-08
70,40;2013-01-09
54,57;2013-01-10
94,96;2013-01-11
84,42;2013-01-12
55,91;2013-01-13
77,54;2013-01-14
124,86;2013-01-15
96,07;2013-01-16
125,95;2013-01-17
146,60;2013-01-18
106,30;2013-01-19
106,43;2013-01-20
121,65;2013-01-21
151,14;2013-01-22
116,96;2013-01-23
98,55;2013-01-24
124,61;2013-01-25
65,71;2013-01-26
69,59;2013-01-27
121,24;2013-01-28
37,03;2013-01-29
90,16;2013-01-30
53,67;2013-01-31
134,15;2013-02-01
38,87;2013-02-02
62,76;2013-02-03
82,71;2013-02-04
81,39;2013-02-05
92,02;2013-02-06
75,93;2013-02-07
91,72;2013-02-08
80,94;2013-02-09
105,05;2013-02-10
98,35;2013-02-11
91,14;2013-02-12
176,87;2013-02-13
86,19;2013-02-14
73,30;2013-02-15
66,25;2013-02-16
78,87;2013-02-17
63,10;2013-02-18
113,03;2013-02-19
86,96;2013-02-20
33,25;2013-02-21
81,15;2013-02-22
37,71;2013-02-23
39,51;2013-02-24
49,63;2013-02-25
114,36;2013-02-26
119,16;2013-02-27
66,07;2013-02-28
56,75;2013-03-01
31,04;2013-03-02
40,56;2013-03-03
45,38;2013-03-04
85,88;2013-03-05
89,93;2013-03-06
89,29;2013-03-07
92,40;2013-03-08
56,40;2013-03-09
57,11;2013-03-10
70,57;2013-03-11
92,60;2013-03-12
104,33;2013-03-13
49,97;2013-03-14
86,63;2013-03-15
87,47;2013-03-16
55,21;2013-03-17
107,29;2013-03-18
82,03;2013-03-19
72,51;2013-03-20
85,62;2013-03-21
109,62;2013-03-22
56,05;2013-03-23
59,99;2013-03-24
102,82;2013-03-25
87,94;2013-03-26
100,50;2013-03-27
57,27;2013-03-28
125,16;2013-03-29
59,21;2013-03-30
21,01;2013-03-31
99,56;2013-04-01
72,48;2013-04-02
77,13;2013-04-03
123,72;2013-04-04
99,52;2013-04-05
75,29;2013-04-06
90,28;2013-04-07
121,85;2013-04-08
82,03;2013-04-09
92,13;2013-04-10
54,70;2013-04-11
97,21;2013-04-12
78,52;2013-04-13
37,36;2013-04-14
105,31;2013-04-15
108,67;2013-04-16
153,72;2013-04-17
82,50;2013-04-18
91,21;2013-04-19
94,73;2013-04-20
65,21;2013-04-21
165,17;2013-04-22
153,32;2013-04-23
104,45;2013-04-24
76,64;2013-04-25
98,46;2013-04-26
69,98;2013-04-27
80,14;2013-04-28
89,41;2013-04-29
74,63;2013-04-30
68,93;2013-05-01
70,48;2013-05-02
82,30;2013-05-03
56,63;2013-05-04
61,98;2013-05-05
88,40;2013-05-06
83,02;2013-05-07
84,94;2013-05-08
65,07;2013-05-09
61,08;2013-05-10
71,02;2013-05-11
48,82;2013-05-12
78,76;2013-05-13
86,74;2013-05-14
44,51;2013-05-15
89,79;2013-05-16
105,80;2013-05-17
45,93;2013-05-18
103,52;2013-05-19
123,03;2013-05-20
95,36;2013-05-21
76,77;2013-05-22
100,92;2013-05-23
104,99;2013-05-24
99,09;2013-05-25
32,67;2013-05-26
126,39;2013-05-27
157,53;2013-05-28
108,15;2013-05-29
95,19;2013-05-30
67,15;2013-05-31
64,06;2013-06-01
51,16;2013-06-02
62,93;2013-06-03
110,15;2013-06-04
58,66;2013-06-05
80,58;2013-06-06
156,53;2013-06-07
78,30;2013-06-08
87,53;2013-06-09
97,70;2013-06-10
126,31;2013-06-11
80,89;2013-06-12
82,10;2013-06-13
79,86;2013-06-14
98,61;2013-06-15
90,09;2013-06-16
149,30;2013-06-17
124,22;2013-06-18
116,44;2013-06-19
91,32;2013-06-20
73,69;2013-06-21
42,51;2013-06-22
41,06;2013-06-23
89,89;2013-06-24
85,93;2013-06-25
96,84;2013-06-26
39,09;2013-06-27
39,44;2013-06-28
15,58;2013-06-29
66,65;2013-06-30
71,91;2013-07-01
107,83;2013-07-02
84,94;2013-07-03
77,55;2013-07-04
67,95;2013-07-05
43,50;2013-07-06
68,54;2013-07-07
87,94;2013-07-08
98,95;2013-07-09
87,17;2013-07-10
77,26;2013-07-11
75,11;2013-07-12
54,83;2013-07-13
93,21;2013-07-14
125,86;2013-07-15
100,76;2013-07-16
117,41;2013-07-17
55,37;2013-07-18
83,67;2013-07-19
49,81;2013-07-20
43,78;2013-07-21
78,06;2013-07-22
74,89;2013-07-23
49,38;2013-07-24
54,64;2013-07-25
87,67;2013-07-26
34,90;2013-07-27
88,14;2013-07-28
101,85;2013-07-29
96,22;2013-07-30
50,38;2013-07-31
45,96;2013-08-01
43,64;2013-08-02
65,75;2013-08-03
54,98;2013-08-04
85,84;2013-08-05
65,87;2013-08-06
128,68;2013-08-07
95,33;2013-08-08
81,24;2013-08-09
73,40;2013-08-10
21,70;2013-08-11
84,81;2013-08-12
78,56;2013-08-13
42,36;2013-08-14
75,86;2013-08-15
48,60;2013-08-16
74,04;2013-08-17
99,68;2013-08-18
113,09;2013-08-19
96,35;2013-08-20
62,34;2013-08-21
58,66;2013-08-22
98,12;2013-08-23
86,92;2013-08-24
69,59;2013-08-25
110,10;2013-08-26
154,75;2013-08-27
140,36;2013-08-28
187,64;2013-08-29
122,40;2013-08-30
187,62;2013-08-31
108,71;2013-09-01
104,61;2013-09-02
105,58;2013-09-03
50,25;2013-09-04
89,53;2013-09-05
126,08;2013-09-06
59,56;2013-09-07
66,25;2013-09-08
111,56;2013-09-09
66,75;2013-09-10
110,55;2013-09-11
76,30;2013-09-12
95,27;2013-09-13
77,73;2013-09-14
64,95;2013-09-15
127,76;2013-09-16
112,64;2013-09-17
83,11;2013-09-18
58,44;2013-09-19
90,80;2013-09-20
66,02;2013-09-21
81,12;2013-09-22
164,71;2013-09-23
174,12;2013-09-24
124,93;2013-09-25
129,27;2013-09-26
131,37;2013-09-27
91,36;2013-09-28
76,55;2013-09-29
116,46;2013-09-30
132,82;2013-10-01
65,56;2013-10-02
40,21;2013-10-03
102,03;2013-10-04
35,84;2013-10-05
98,59;2013-10-06
125,09;2013-10-07
93,83;2013-10-08
87,78;2013-10-09
57,74;2013-10-10
66,39;2013-10-11
39,22;2013-10-12
20,28;2013-10-13
85,28;2013-10-14
102,45;2013-10-15
66,41;2013-10-16
63,64;2013-10-17
72,72;2013-10-18
60,11;2013-10-19
51,86;2013-10-20
133,98;2013-10-21
70,65;2013-10-22
88,34;2013-10-23
60,84;2013-10-24
50,85;2013-10-25
57,95;2013-10-26
62,50;2013-10-27
73,31;2013-10-28
65,84;2013-10-29
88,23;2013-10-30
60,23;2013-10-31
64,67;2013-11-01
65,01;2013-11-02
69,81;2013-11-03
55,29;2013-11-04
59,76;2013-11-05
76,10;2013-11-06
53,58;2013-11-07
120,52;2013-11-08
104,88;2013-11-09
35,02;2013-11-10
91,38;2013-11-11
88,02;2013-11-12
45,27;2013-11-13
99,48;2013-11-14
92,95;2013-11-15
29,79;2013-11-16
47,71;2013-11-17
83,28;2013-11-18
94,16;2013-11-19
81,34;2013-11-20
62,15;2013-11-21
76,55;2013-11-22
55,95;2013-11-23
58,92;2013-11-24
164,52;2013-11-25
186,74;2013-11-26
67,52;2013-11-27
57,80;2013-11-28
76,10;2013-11-29
38,26;2013-11-30
14,31;2013-12-01
37,75;2013-12-02
81,95;2013-12-03
99,30;2013-12-04
44,55;2013-12-05
49,92;2013-12-06
44,55;2013-12-07
82,18;2013-12-08
65,90;2013-12-09
61,12;2013-12-10
67,52;2013-12-11
57,64;2013-12-12
45,22;2013-12-13
54,89;2013-12-14
33,73;2013-12-15
41,46;2013-12-16
116,00;2013-12-17
112,79;2013-12-18
67,33;2013-12-19
106,17;2013-12-20
64,16;2013-12-21
71,09;2013-12-22
47,47;2013-12-23
75,74;2013-12-24
92,75;2013-12-25
104,83;2013-12-26
115,09;2013-12-27
86,04;2013-12-28
45,69;2013-12-29
68,65;2013-12-30
121,71;2013-12-31
112,16;2014-01-01
82,13;2014-01-02
117,95;2014-01-03
32,27;2014-01-04
65,52;2014-01-05
103,52;2014-01-06
91,53;2014-01-07
93,83;2014-01-08
61,47;2014-01-09
96,66;2014-01-10
42,08;2014-01-11
7,06;2014-01-12
108,97;2014-01-13
91,65;2014-01-14
87,80;2014-01-15
60,78;2014-01-16
64,95;2014-01-17
63,13;2014-01-18
81,52;2014-01-19
85,71;2014-01-20
125,09;2014-01-21
81,95;2014-01-22
61,22;2014-01-23
106,38;2014-01-24
62,09;2014-01-25
91,62;2014-01-26
105,47;2014-01-27
64,61;2014-01-28
66,80;2014-01-29
45,56;2014-01-30
75,72;2014-01-31
36,70;2014-02-01
65,67;2014-02-02
156,58;2014-02-03
51,89;2014-02-04
91,35;2014-02-05
43,72;2014-02-06
60,64;2014-02-07
43,26;2014-02-08
71,87;2014-02-09
55,36;2014-02-10
77,70;2014-02-11
59,72;2014-02-12
68,09;2014-02-13
61,68;2014-02-14
68,52;2014-02-15
50,77;2014-02-16
84,40;2014-02-17
95,14;2014-02-18
85,04;2014-02-19
115,87;2014-02-20
116,56;2014-02-21
28,93;2014-02-22
38,52;2014-02-23
69,37;2014-02-24
61,57;2014-02-25
71,67;2014-02-26
65,92;2014-02-27
70,88;2014-02-28
101,97;2014-03-01
133,57;2014-03-02
180,03;2014-03-03
213,07;2014-03-04
213,84;2014-03-05
142,99;2014-03-06
165,26;2014-03-07
52,73;2014-03-08
102,87;2014-03-09
118,64;2014-03-10
115,14;2014-03-11
124,27;2014-03-12
84,94;2014-03-13
103,85;2014-03-14
97,70;2014-03-15
107,95;2014-03-16
135,21;2014-03-17
194,08;2014-03-18
153,07;2014-03-19
97,97;2014-03-20
117,65;2014-03-21
74,88;2014-03-22
84,60;2014-03-23
122,18;2014-03-24
140,59;2014-03-25
108,48;2014-03-26
87,17;2014-03-27
112,16;2014-03-28
73,03;2014-03-29
59,99;2014-03-30
85,82;2014-03-31
120,93;2014-04-01
94,75;2014-04-02
63,30;2014-04-03
59,55;2014-04-04
60,45;2014-04-05
19,49;2014-04-06
56,96;2014-04-07
115,94;2014-04-08
142,43;2014-04-09
85,11;2014-04-10
52,94;2014-04-11
62,68;2014-04-12
46,28;2014-04-13
125,00;2014-04-14
129,57;2014-04-15
143,85;2014-04-16
82,81;2014-04-17
95,14;2014-04-18
53,13;2014-04-19
69,01;2014-04-20
89,93;2014-04-21
135,49;2014-04-22
114,79;2014-04-23
66,79;2014-04-24
125,74;2014-04-25
65,63;2014-04-26
81,62;2014-04-27
116,31;2014-04-28
125,79;2014-04-29
182,05;2014-04-30
79,18;2014-05-01
92,12;2014-05-02
93,72;2014-05-03
91,11;2014-05-04
63,88;2014-05-05
111,76;2014-05-06
80,21;2014-05-07
121,40;2014-05-08
119,73;2014-05-09
50,38;2014-05-10
94,45;2014-05-11
93,84;2014-05-12
114,08;2014-05-13
113,31;2014-05-14
60,23;2014-05-15
79,41;2014-05-16
40,28;2014-05-17
67,60;2014-05-18
56,46;2014-05-19
77,74;2014-05-20
94,75;2014-05-21
58,46;2014-05-22
110,17;2014-05-23
66,57;2014-05-24
111,29;2014-05-25
43,23;2014-05-26
68,71;2014-05-27
96,48;2014-05-28
114,97;2014-05-29
64,88;2014-05-30
48,31;2014-05-31
34,80;2014-06-01
57,28;2014-06-02
84,40;2014-06-03
76,47;2014-06-04
107,98;2014-06-05
52,97;2014-06-06
23,87;2014-06-07
69,89;2014-06-08
75,93;2014-06-09
114,52;2014-06-10
130,06;2014-06-11
87,97;2014-06-12
99,45;2014-06-13
74,21;2014-06-14
65,60;2014-06-15
135,31;2014-06-16
207,04;2014-06-17
144,56;2014-06-18
104,75;2014-06-19
143,70;2014-06-20
89,03;2014-06-21
102,87;2014-06-22
129,00;2014-06-23
155,02;2014-06-24
94,64;2014-06-25
95,02;2014-06-26
136,64;2014-06-27
76,97;2014-06-28
91,17;2014-06-29
84,10;2014-06-30
127,72;2014-07-01
134,72;2014-07-02
93,11;2014-07-03
92,02;2014-07-04
73,19;2014-07-05
90,96;2014-07-06
124,03;2014-07-07
114,52;2014-07-08
109,21;2014-07-09
75,13;2014-07-10
116,43;2014-07-11
57,95;2014-07-12
123,22;2014-07-13
151,03;2014-07-14
97,30;2014-07-15
160,09;2014-07-16
147,45;2014-07-17
207,28;2014-07-18
173,85;2014-07-19
116,23;2014-07-20
203,45;2014-07-21
208,98;2014-07-22
217,15;2014-07-23
119,60;2014-07-24
180,28;2014-07-25
131,22;2014-07-26
110,42;2014-07-27
149,44;2014-07-28
169,99;2014-07-29
202,23;2014-07-30
141,77;2014-07-31
151,30;2014-08-01
47,03;2014-08-02
36,16;2014-08-03
155,70;2014-08-04
172,58;2014-08-05
159,54;2014-08-06
177,73;2014-08-07
212,40;2014-08-08
142,10;2014-08-09
117,52;2014-08-10
206,70;2014-08-11
150,57;2014-08-12
165,85;2014-08-13
106,74;2014-08-14
131,82;2014-08-15
83,90;2014-08-16
79,56;2014-08-17
115,86;2014-08-18
216,15;2014-08-19
123,03;2014-08-20
153,54;2014-08-21
109,58;2014-08-22
108,71;2014-08-23
66,79;2014-08-24
167,60;2014-08-25
118,14;2014-08-26
143,08;2014-08-27
97,53;2014-08-28
157,34;2014-08-29
127,53;2014-08-30
103,73;2014-08-31
227,85;2014-09-01
219,28;2014-09-02
184,26;2014-09-03
219,84;2014-09-04
117,67;2014-09-05
101,83;2014-09-06
78,73;2014-09-07
147,02;2014-09-08
110,56;2014-09-09
131,68;2014-09-10
118,18;2014-09-11
168,17;2014-09-12
99,94;2014-09-13
101,93;2014-09-14
112,87;2014-09-15
157,35;2014-09-16
159,80;2014-09-17
118,06;2014-09-18
132,81;2014-09-19
76,33;2014-09-20
79,82;2014-09-21
80,68;2014-09-22
179,18;2014-09-23
146,88;2014-09-24
107,53;2014-09-25
151,31;2014-09-26
128,74;2014-09-27
60,11;2014-09-28
101,28;2014-09-29
97,30;2014-09-30
108,34;2014-10-01
57,61;2014-10-02
103,98;2014-10-03
81,09;2014-10-04
50,48;2014-10-05
95,29;2014-10-06
67,60;2014-10-07
80,98;2014-10-08
75,36;2014-10-09
121,70;2014-10-10
64,35;2014-10-11
41,06;2014-10-12
80,68;2014-10-13
70,29;2014-10-14
89,53;2014-10-15
68,58;2014-10-16
86,51;2014-10-17
51,01;2014-10-18
57,67;2014-10-19
75,86;2014-10-20
60,74;2014-10-21
78,50;2014-10-22
74,29;2014-10-23
91,68;2014-10-24
111,97;2014-10-25
37,71;2014-10-26
96,68;2014-10-27
139,38;2014-10-28
92,37;2014-10-29
103,40;2014-10-30
89,83;2014-10-31
97,52;2014-11-01
44,94;2014-11-02
80,91;2014-11-03
79,88;2014-11-04
103,52;2014-11-05
41,02;2014-11-06
90,21;2014-11-07
62,50;2014-11-08
67,19;2014-11-09
57,86;2014-11-10
77,04;2014-11-11
57,42;2014-11-12
61,54;2014-11-13
77,45;2014-11-14
97,97;2014-11-15
51,26;2014-11-16
136,55;2014-11-17
87,40;2014-11-18
92,24;2014-11-19
89,16;2014-11-20
110,54;2014-11-21
54,01;2014-11-22
76,59;2014-11-23
142,11;2014-11-24
163,64;2014-11-25
119,09;2014-11-26
80,79;2014-11-27
90,87;2014-11-28
49,10;2014-11-29
83,94;2014-11-30
57,56;2014-12-01
108,91;2014-12-02
88,44;2014-12-03
89,81;2014-12-04
62,50;2014-12-05
61,64;2014-12-06
44,00;2014-12-07
109,47;2014-12-08
72,48;2014-12-09
107,79;2014-12-10
81,71;2014-12-11
77,55;2014-12-12
71,81;2014-12-13
88,24;2014-12-14
66,97;2014-12-15
136,07;2014-12-16
144,74;2014-12-17
122,82;2014-12-18
110,97;2014-12-19
73,46;2014-12-20
109,51;2014-12-21
74,20;2014-12-22
56,85;2014-12-23
123,64;2014-12-24
44,02;2014-12-25
114,02;2014-12-26
60,82;2014-12-27
32,72;2014-12-28
92,94;2014-12-29
69,62;2014-12-30
93,75;2014-12-31
74,58;2015-01-01
106,86;2015-01-02
53,43;2015-01-03
16,48;2015-01-04
100,72;2015-01-05
66,82;2015-01-06
78,76;2015-01-07
168,64;2015-01-08
64,71;2015-01-09
138,75;2015-01-10
96,12;2015-01-11
148,08;2015-01-12
151,56;2015-01-13
88,39;2015-01-14
132,79;2015-01-15
156,11;2015-01-16
108,23;2015-01-17
78,13;2015-01-18
120,26;2015-01-19
175,29;2015-01-20
148,51;2015-01-21
98,54;2015-01-22
109,12;2015-01-23
97,72;2015-01-24
110,42;2015-01-25
135,93;2015-01-26
95,16;2015-01-27
146,46;2015-01-28
105,28;2015-01-29
126,52;2015-01-30
60,17;2015-01-31
114,23;2015-02-01
101,15;2015-02-02
141,25;2015-02-03
90,70;2015-02-04
89,43;2015-02-05
166,44;2015-02-06
116,95;2015-02-07
107,09;2015-02-08
128,99;2015-02-09
134,23;2015-02-10
110,85;2015-02-11
76,61;2015-02-12
139,64;2015-02-13
60,35;2015-02-14
70,78;2015-02-15
102,52;2015-02-16
123,75;2015-02-17
154,67;2015-02-18
143,86;2015-02-19
136,85;2015-02-20
72,01;2015-02-21
83,69;2015-02-22
168,18;2015-02-23
149,09;2015-02-24
114,38;2015-02-25
95,06;2015-02-26
105,94;2015-02-27
51,56;2015-02-28
111,41;2015-03-01
105,47;2015-03-02
149,37;2015-03-03
218,32;2015-03-04
77,49;2015-03-05
86,04;2015-03-06
59,10;2015-03-07
86,04;2015-03-08
79,82;2015-03-09
89,77;2015-03-10
78,04;2015-03-11
105,61;2015-03-12
67,85;2015-03-13
66,89;2015-03-14
116,69;2015-03-15
109,26;2015-03-16
97,29;2015-03-17
117,37;2015-03-18
55,87;2015-03-19
94,76;2015-03-20
74,56;2015-03-21
78,87;2015-03-22
98,30;2015-03-23
100,38;2015-03-24
105,38;2015-03-25
103,41;2015-03-26
199,25;2015-03-27
91,81;2015-03-28
129,14;2015-03-29
123,24;2015-03-30
131,06;2015-03-31
138,93;2015-04-01
113,85;2015-04-02
150,14;2015-04-03
165,63;2015-04-04
116,46;2015-04-05
116,79;2015-04-06
110,13;2015-04-07
166,76;2015-04-08
134,81;2015-04-09
142,14;2015-04-10
74,88;2015-04-11
53,00;2015-04-12
79,22;2015-04-13
121,65;2015-04-14
143,66;2015-04-15
104,72;2015-04-16
99,06;2015-04-17
47,48;2015-04-18
97,81;2015-04-19
91,73;2015-04-20
85,28;2015-04-21
75,59;2015-04-22
61,08;2015-04-23
156,40;2015-04-24
41,45;2015-04-25
39,28;2015-04-26
76,04;2015-04-27
46,01;2015-04-28
84,10;2015-04-29
52,75;2015-04-30
76,24;2015-05-01
41,45;2015-05-02
43,83;2015-05-03
70,60;2015-05-04
44,76;2015-05-05
99,69;2015-05-06
64,28;2015-05-07
71,75;2015-05-08
50,07;2015-05-09
52,58;2015-05-10
118,67;2015-05-11
62,17;2015-05-12
114,38;2015-05-13
77,47;2015-05-14
95,24;2015-05-15
78,19;2015-05-16
76,89;2015-05-17
112,12;2015-05-18
128,44;2015-05-19
71,46;2015-05-20
56,79;2015-05-21
84,29;2015-05-22
80,79;2015-05-23
63,16;2015-05-24
86,68;2015-05-25
37,40;2015-05-26
83,28;2015-05-27
55,89;2015-05-28
55,47;2015-05-29
68,61;2015-05-30
84,04;2015-05-31
106,23;2015-06-01
65,35;2015-06-02
129,12;2015-06-03
84,13;2015-06-04
62,50;2015-06-05
36,68;2015-06-06
86,60;2015-06-07
81,79;2015-06-08
95,46;2015-06-09
48,58;2015-06-10
54,97;2015-06-11
41,64;2015-06-12
56,15;2015-06-13
64,70;2015-06-14
63,20;2015-06-15
114,23;2015-06-16
79,93;2015-06-17
83,09;2015-06-18
44,27;2015-06-19
99,45;2015-06-20
74,67;2015-06-21
90,68;2015-06-22
103,52;2015-06-23
84,82;2015-06-24
131,01;2015-06-25
81,49;2015-06-26
78,13;2015-06-27
109,96;2015-06-28
136,93;2015-06-29
169,32;2015-06-30
93,14;2015-07-01
84,56;2015-07-02
86,95;2015-07-03
50,12;2015-07-04
80,40;2015-07-05
109,33;2015-07-06
82,09;2015-07-07
61,78;2015-07-08
58,63;2015-07-09
107,39;2015-07-10
81,55;2015-07-11
105,27;2015-07-12
123,07;2015-07-13
67,70;2015-07-14
229,98;2015-07-15
117,65;2015-07-16
146,96;2015-07-17
63,47;2015-07-18
98,67;2015-07-19
125,31;2015-07-20
193,98;2015-07-21
152,95;2015-07-22
87,72;2015-07-23
113,36;2015-07-24
92,13;2015-07-25
127,41;2015-07-26
171,44;2015-07-27
132,93;2015-07-28
99,95;2015-07-29
74,98;2015-07-30
72,27;2015-07-31
64,01;2015-08-01
69,56;2015-08-02
28,46;2015-08-03
155,10;2015-08-04
77,83;2015-08-05
128,80;2015-08-06
90,14;2015-08-07
68,76;2015-08-08
85,34;2015-08-09
88,93;2015-08-10
93,80;2015-08-11
97,43;2015-08-12
110,11;2015-08-13
78,32;2015-08-14
47,83;2015-08-15
71,24;2015-08-16
95,61;2015-08-17
88,54;2015-08-18
121,07;2015-08-19
28,85;2015-08-20
86,26;2015-08-21
79,32;2015-08-22
55,21;2015-08-23
103,36;2015-08-24
58,12;2015-08-25
79,11;2015-08-26
85,71;2015-08-27
52,89;2015-08-28
64,28;2015-08-29
70,75;2015-08-30
79,25;2015-08-31
96,33;2015-09-01
75,72;2015-09-02
85,49;2015-09-03
98,03;2015-09-04
91,28;2015-09-05
82,64;2015-09-06
84,08;2015-09-07
117,95;2015-09-08
142,71;2015-09-09
143,31;2015-09-10
118,87;2015-09-11
101,75;2015-09-12
55,31;2015-09-13
79,94;2015-09-14
122,69;2015-09-15
83,47;2015-09-16
83,41;2015-09-17
83,91;2015-09-18
83,01;2015-09-19
68,18;2015-09-20
86,41;2015-09-21
188,75;2015-09-22
85,78;2015-09-23
88,70;2015-09-24
81,84;2015-09-25
78,38;2015-09-26
75,04;2015-09-27
92,13;2015-09-28
111,61;2015-09-29
101,28;2015-09-30
128,45;2015-10-01
180,35;2015-10-02
70,56;2015-10-03
81,99;2015-10-04
91,10;2015-10-05
113,13;2015-10-06
110,68;2015-10-07
70,64;2015-10-08
88,39;2015-10-09
107,57;2015-10-10
83,11;2015-10-11
79,32;2015-10-12
80,69;2015-10-13
105,44;2015-10-14
84,32;2015-10-15
90,19;2015-10-16
110,29;2015-10-17
67,11;2015-10-18
85,07;2015-10-19
70,16;2015-10-20
69,37;2015-10-21
68,85;2015-10-22
79,14;2015-10-23
73,33;2015-10-24
51,94;2015-10-25
83,86;2015-10-26
49,44;2015-10-27
68,04;2015-10-28
62,65;2015-10-29
91,51;2015-10-30
81,29;2015-10-31
46,56;2015-11-01
109,92;2015-11-02
53,27;2015-11-03
96,48;2015-11-04
60,45;2015-11-05
89,18;2015-11-06
102,22;2015-11-07
84,11;2015-11-08
87,31;2015-11-09
85,30;2015-11-10
51,98;2015-11-11
44,12;2015-11-12
61,57;2015-11-13
121,15;2015-11-14
129,06;2015-11-15
291,99;2015-11-16
354,05;2015-11-17
309,50;2015-11-18
242,89;2015-11-19
212,19;2015-11-20
171,54;2015-11-21
203,53;2015-11-22
170,01;2015-11-23
246,84;2015-11-24
247,62;2015-11-25
172,98;2015-11-26
237,59;2015-11-27
101,36;2015-11-28
103,52;2015-11-29
100,23;2015-11-30
170,50;2015-12-01
192,70;2015-12-02
157,92;2015-12-03
156,33;2015-12-04
158,13;2015-12-05
135,34;2015-12-06
197,37;2015-12-07
197,98;2015-12-08
199,50;2015-12-09
147,41;2015-12-10
150,00;2015-12-11
103,65;2015-12-12
81,62;2015-12-13
119,42;2015-12-14
142,26;2015-12-15
170,60;2015-12-16
162,98;2015-12-17
134,48;2015-12-18
115,44;2015-12-19
100,60;2015-12-20
165,02;2015-12-21
143,28;2015-12-22
73,74;2015-12-23
111,12;2015-12-24
160,93;2015-12-25
135,35;2015-12-26
102,93;2015-12-27
147,82;2015-12-28
109,35;2015-12-29
141,56;2015-12-30
70,11;2015-12-31
208,84;2016-01-01
89,81;2016-01-02
113,11;2016-01-03
133,57;2016-01-04
205,16;2016-01-05
161,47;2016-01-06
205,20;2016-01-07
181,01;2016-01-08
67,20;2016-01-09
100,82;2016-01-10
95,25;2016-01-11
106,39;2016-01-12
139,33;2016-01-13
125,48;2016-01-14
112,73;2016-01-15
92,98;2016-01-16
102,03;2016-01-17
147,98;2016-01-18
154,42;2016-01-19
194,34;2016-01-20
87,87;2016-01-21
110,86;2016-01-22
82,91;2016-01-23
85,94;2016-01-24
82,81;2016-01-25
72,01;2016-01-26
93,97;2016-01-27
76,84;2016-01-28
83,25;2016-01-29
40,55;2016-01-30
40,73;2016-01-31
132,71;2016-02-01
103,52;2016-02-02
104,03;2016-02-03
96,65;2016-02-04
109,38;2016-02-05
77,32;2016-02-06
110,19;2016-02-07
139,53;2016-02-08
77,60;2016-02-09
99,33;2016-02-10
118,48;2016-02-11
106,14;2016-02-12
64,64;2016-02-13
115,98;2016-02-14
81,19;2016-02-15
128,85;2016-02-16
134,09;2016-02-17
118,96;2016-02-18
161,59;2016-02-19
69,35;2016-02-20
61,22;2016-02-21
104,66;2016-02-22
150,36;2016-02-23
115,61;2016-02-24
57,19;2016-02-25
88,87;2016-02-26
46,48;2016-02-27
101,82;2016-02-28
59,73;2016-02-29
123,24;2016-03-01
81,85;2016-03-02
131,78;2016-03-03
72,01;2016-03-04
68,61;2016-03-05
51,66;2016-03-06
67,18;2016-03-07
103,06;2016-03-08
91,76;2016-03-09
99,95;2016-03-10
58,51;2016-03-11
55,94;2016-03-12
64,32;2016-03-13
134,75;2016-03-14
132,50;2016-03-15
100,38;2016-03-16
79,67;2016-03-17
104,47;2016-03-18
40,49;2016-03-19
74,36;2016-03-20
112,46;2016-03-21
76,37;2016-03-22
245,38;2016-03-23
141,85;2016-03-24
186,76;2016-03-25
101,59;2016-03-26
65,11;2016-03-27
157,19;2016-03-28
168,96;2016-03-29
140,48;2016-03-30
131,28;2016-03-31
156,70;2016-04-01
88,50;2016-04-02
105,79;2016-04-03
113,14;2016-04-04
89,26;2016-04-05
101,51;2016-04-06
93,88;2016-04-07
46,48;2016-04-08
44,55;2016-04-09
69,59;2016-04-10
95,74;2016-04-11
79,82;2016-04-12
97,70;2016-04-13
96,78;2016-04-14
86,41;2016-04-15
55,64;2016-04-16
64,11;2016-04-17
52,30;2016-04-18
90,25;2016-04-19
93,18;2016-04-20
93,31;2016-04-21
76,72;2016-04-22
40,50;2016-04-23
86,98;2016-04-24
80,27;2016-04-25
80,30;2016-04-26
74,16;2016-04-27
105,86;2016-04-28
77,54;2016-04-29
71,84;2016-04-30
77,36;2016-05-01
99,32;2016-05-02
71,13;2016-05-03
104,37;2016-05-04
103,83;2016-05-05
79,37;2016-05-06
54,58;2016-05-07
22,33;2016-05-08
100,38;2016-05-09
72,80;2016-05-10
113,59;2016-05-11
101,36;2016-05-12
88,22;2016-05-13
45,95;2016-05-14
72,96;2016-05-15
66,87;2016-05-16
88,40;2016-05-17
92,40;2016-05-18
73,92;2016-05-19
115,90;2016-05-20
83,91;2016-05-21
104,17;2016-05-22
121,71;2016-05-23
86,68;2016-05-24
75,74;2016-05-25
68,92;2016-05-26
81,85;2016-05-27
62,50;2016-05-28
44,97;2016-05-29
108,73;2016-05-30
141,11;2016-05-31
100,84;2016-06-01
94,64;2016-06-02
144,20;2016-06-03
56,81;2016-06-04
63,55;2016-06-05
101,41;2016-06-06
79,22;2016-06-07
76,72;2016-06-08
61,34;2016-06-09
62,17;2016-06-10
44,44;2016-06-11
16,36;2016-06-12
93,31;2016-06-13
108,36;2016-06-14
129,71;2016-06-15
78,98;2016-06-16
99,29;2016-06-17
70,90;2016-06-18
103,75;2016-06-19
90,83;2016-06-20
116,32;2016-06-21
104,51;2016-06-22
106,86;2016-06-23
67,60;2016-06-24
54,50;2016-06-25
38,25;2016-06-26
109,87;2016-06-27
96,44;2016-06-28
151,01;2016-06-29
134,23;2016-06-30
112,06;2016-07-01
88,87;2016-07-02
102,72;2016-07-03
42,83;2016-07-04
98,28;2016-07-05
107,65;2016-07-06
141,48;2016-07-07
131,03;2016-07-08
109,12;2016-07-09
121,49;2016-07-10
90,25;2016-07-11
114,82;2016-07-12
57,69;2016-07-13
109,42;2016-07-14
91,61;2016-07-15
237,54;2016-07-16
188,21;2016-07-17
158,04;2016-07-18
190,25;2016-07-19
104,29;2016-07-20
146,57;2016-07-21
150,14;2016-07-22
77,74;2016-07-23
104,02;2016-07-24
100,57;2016-07-25
81,79;2016-07-26
99,43;2016-07-27
90,89;2016-07-28
107,76;2016-07-29
66,52;2016-07-30
49,32;2016-07-31
98,59;2016-08-01
126,30;2016-08-02
118,51;2016-08-03
154,44;2016-08-04
93,31;2016-08-05
45,01;2016-08-06
72,89;2016-08-07
116,03;2016-08-08
114,04;2016-08-09
116,23;2016-08-10
97,58;2016-08-11
112,61;2016-08-12
96,78;2016-08-13
87,17;2016-08-14
97,81;2016-08-15
95,12;2016-08-16
61,16;2016-08-17
118,66;2016-08-18
78,40;2016-08-19
55,85;2016-08-20
23,11;2016-08-21
84,60;2016-08-22
89,98;2016-08-23
139,23;2016-08-24
176,97;2016-08-25
80,30;2016-08-26
117,30;2016-08-27
71,82;2016-08-28
151,20;2016-08-29
79,75;2016-08-30
86,18;2016-08-31
72,01;2016-09-01
77,37;2016-09-02
81,90;2016-09-03
86,49;2016-09-04
52,70;2016-09-05
91,34;2016-09-06
91,87;2016-09-07
60,41;2016-09-08
116,91;2016-09-09
110,29;2016-09-10
93,09;2016-09-11
137,55;2016-09-12
122,26;2016-09-13
115,55;2016-09-14
99,24;2016-09-15
51,03;2016-09-16
66,84;2016-09-17
104,69;2016-09-18
255,73;2016-09-19
183,11;2016-09-20
162,74;2016-09-21
95,46;2016-09-22
100,25;2016-09-23
71,67;2016-09-24
52,46;2016-09-25
133,84;2016-09-26
83,86;2016-09-27
115,89;2016-09-28
104,66;2016-09-29
120,29;2016-09-30
47,72;2016-10-01
64,79;2016-10-02
64,84;2016-10-03
147,35;2016-10-04
119,91;2016-10-05
92,69;2016-10-06
25,32;2016-10-07
50,19;2016-10-08
101,56;2016-10-09
90,02;2016-10-10
85,38;2016-10-11
101,61;2016-10-12
112,54;2016-10-13
93,18;2016-10-14
60,45;2016-10-15
53,55;2016-10-16
128,76;2016-10-17
114,42;2016-10-18
112,20;2016-10-19
115,55;2016-10-20
78,98;2016-10-21
81,63;2016-10-22
79,82;2016-10-23
86,04;2016-10-24
71,30;2016-10-25
96,95;2016-10-26
99,09;2016-10-27
82,21;2016-10-28
66,84;2016-10-29
82,44;2016-10-30
63,81;2016-10-31
89,67;2016-11-01
77,04;2016-11-02
62,05;2016-11-03
48,22;2016-11-04
65,12;2016-11-05
69,66;2016-11-06
66,01;2016-11-07
89,67;2016-11-08
50,19;2016-11-09
71,24;2016-11-10
94,90;2016-11-11
39,58;2016-11-12
67,60;2016-11-13
153,25;2016-11-14
81,46;2016-11-15
106,86;2016-11-16
59,96;2016-11-17
92,14;2016-11-18
61,88;2016-11-19
52,58;2016-11-20
118,52;2016-11-21
100,06;2016-11-22
75,68;2016-11-23
67,72;2016-11-24
76,49;2016-11-25
83,14;2016-11-26
109,90;2016-11-27
111,20;2016-11-28
145,43;2016-11-29
120,17;2016-11-30
146,61;2016-12-01
64,86;2016-12-02
36,35;2016-12-03
22,95;2016-12-04
85,23;2016-12-05
68,57;2016-12-06
103,35;2016-12-07
75,40;2016-12-08
71,09;2016-12-09
62,59;2016-12-10
47,32;2016-12-11
95,50;2016-12-12
137,07;2016-12-13
110,95;2016-12-14
108,93;2016-12-15
107,92;2016-12-16
57,11;2016-12-17
81,59;2016-12-18
85,88;2016-12-19
114,64;2016-12-20
195,18;2016-12-21
125,22;2016-12-22
182,84;2016-12-23
100,55;2016-12-24
90,07;2016-12-25
95,74;2016-12-26
90,87;2016-12-27
127,41;2016-12-28
98,78;2016-12-29
206,67;2016-12-30
152,98;2016-12-31
108,47;2017-01-01
146,65;2017-01-02
121,97;2017-01-03
108,89;2017-01-04
68,14;2017-01-05
129,06;2017-01-06
71,24;2017-01-07
37,81;2017-01-08
161,03;2017-01-09
66,47;2017-01-10
137,61;2017-01-11
129,81;2017-01-12
127,04;2017-01-13
64,45;2017-01-14
29,19;2017-01-15
72,59;2017-01-16
100,72;2017-01-17
102,50;2017-01-18
125,67;2017-01-19
104,66;2017-01-20
39,02;2017-01-21
85,14;2017-01-22
111,45;2017-01-23
96,98;2017-01-24
104,38;2017-01-25
111,43;2017-01-26
119,16;2017-01-27
98,64;2017-01-28
116,23;2017-01-29
166,49;2017-01-30
188,69;2017-01-31
150,57;2017-02-01
166,10;2017-02-02
184,03;2017-02-03
148,07;2017-02-04
50,52;2017-02-05
83,56;2017-02-06
184,34;2017-02-07
101,93;2017-02-08
92,30;2017-02-09
212,41;2017-02-10
128,20;2017-02-11
89,33;2017-02-12
132,02;2017-02-13
185,85;2017-02-14
118,86;2017-02-15
127,41;2017-02-16
88,52;2017-02-17
92,25;2017-02-18
95,06;2017-02-19
110,42;2017-02-20
139,23;2017-02-21
95,25;2017-02-22
59,78;2017-02-23
90,82;2017-02-24
43,47;2017-02-25
48,11;2017-02-26
81,36;2017-02-27
69,57;2017-02-28
130,10;2017-03-01
114,54;2017-03-02
64,77;2017-03-03
16,44;2017-03-04
122,12;2017-03-05
117,26;2017-03-06
141,89;2017-03-07
111,12;2017-03-08
123,04;2017-03-09
71,80;2017-03-10
52,90;2017-03-11
75,80;2017-03-12
78,47;2017-03-13
59,83;2017-03-14
95,86;2017-03-15
80,58;2017-03-16
97,04;2017-03-17
91,14;2017-03-18
99,92;2017-03-19
140,57;2017-03-20
81,22;2017-03-21
156,50;2017-03-22
131,19;2017-03-23
177,37;2017-03-24
83,81;2017-03-25
46,94;2017-03-26
116,55;2017-03-27
87,33;2017-03-28
93,54;2017-03-29
75,63;2017-03-30
118,14;2017-03-31
66,33;2017-04-01
68,07;2017-04-02
79,89;2017-04-03
150,57;2017-04-04
125,20;2017-04-05
124,10;2017-04-06
143,82;2017-04-07
176,62;2017-04-08
130,36;2017-04-09
134,96;2017-04-10
97,26;2017-04-11
171,34;2017-04-12
156,75;2017-04-13
123,94;2017-04-14
118,80;2017-04-15
86,14;2017-04-16
111,51;2017-04-17
106,67;2017-04-18
152,97;2017-04-19
178,77;2017-04-20
130,76;2017-04-21
127,41;2017-04-22
41,20;2017-04-23
142,73;2017-04-24
61,82;2017-04-25
92,16;2017-04-26
104,50;2017-04-27
126,36;2017-04-28
84,08;2017-04-29
37,99;2017-04-30
126,25;2017-05-01
126,74;2017-05-02
109,72;2017-05-03
95,95;2017-05-04
76,31;2017-05-05
69,87;2017-05-06
22,03;2017-05-07
72,80;2017-05-08
77,81;2017-05-09
124,00;2017-05-10
99,90;2017-05-11
78,99;2017-05-12
30,51;2017-05-13
37,64;2017-05-14
75,43;2017-05-15
74,92;2017-05-16
97,43;2017-05-17
97,73;2017-05-18
75,72;2017-05-19
62,50;2017-05-20
54,87;2017-05-21
143,48;2017-05-22
139,23;2017-05-23
181,95;2017-05-24
146,44;2017-05-25
218,07;2017-05-26
150,57;2017-05-27
86,60;2017-05-28
103,30;2017-05-29
128,18;2017-05-30
157,74;2017-05-31
90,67;2017-06-01
88,57;2017-06-02
80,79;2017-06-03
85,85;2017-06-04
276,61;2017-06-05
227,28;2017-06-06
245,96;2017-06-07
182,93;2017-06-08
121,29;2017-06-09
67,04;2017-06-10
50,52;2017-06-11
144,55;2017-06-12
107,04;2017-06-13
77,40;2017-06-14
108,02;2017-06-15
105,62;2017-06-16
71,37;2017-06-17
97,21;2017-06-18
171,01;2017-06-19
204,20;2017-06-20
180,24;2017-06-21
210,32;2017-06-22
107,31;2017-06-23
90,93;2017-06-24
65,09;2017-06-25
128,39;2017-06-26
106,10;2017-06-27
110,05;2017-06-28
103,36;2017-06-29
102,60;2017-06-30
96,48;2017-07-01
66,55;2017-07-02
120,57;2017-07-03
77,94;2017-07-04
208,90;2017-07-05
177,17;2017-07-06
115,72;2017-07-07
100,66;2017-07-08
113,19;2017-07-09
98,00;2017-07-10
112,50;2017-07-11
94,17;2017-07-12
55,38;2017-07-13
93,10;2017-07-14
35,43;2017-07-15
44,07;2017-07-16
114,00;2017-07-17
140,66;2017-07-18
67,03;2017-07-19
114,77;2017-07-20
80,10;2017-07-21
94,77;2017-07-22
120,33;2017-07-23
53,32;2017-07-24
100,20;2017-07-25
125,11;2017-07-26
107,20;2017-07-27
113,88;2017-07-28
66,25;2017-07-29
71,32;2017-07-30
170,75;2017-07-31
198,39;2017-08-01
145,29;2017-08-02
135,81;2017-08-03
95,55;2017-08-04
77,60;2017-08-05
77,94;2017-08-06
127,92;2017-08-07
169,71;2017-08-08
136,30;2017-08-09
215,32;2017-08-10
145,50;2017-08-11
181,90;2017-08-12
75,98;2017-08-13
202,68;2017-08-14
232,36;2017-08-15
159,37;2017-08-16
102,84;2017-08-17
138,91;2017-08-18
126,86;2017-08-19
73,75;2017-08-20
177,33;2017-08-21
250,01;2017-08-22
149,31;2017-08-23
95,29;2017-08-24
86,64;2017-08-25
130,00;2017-08-26
65,24;2017-08-27
126,38;2017-08-28
85,88;2017-08-29
142,65;2017-08-30
121,71;2017-08-31
133,69;2017-09-01
67,70;2017-09-02
57,11;2017-09-03
253,10;2017-09-04
188,15;2017-09-05
202,49;2017-09-06
152,65;2017-09-07
132,70;2017-09-08
45,15;2017-09-09
90,02;2017-09-10
63,70;2017-09-11
125,11;2017-09-12
138,88;2017-09-13
84,80;2017-09-14
120,09;2017-09-15
104,75;2017-09-16
88,93;2017-09-17
172,78;2017-09-18
129,69;2017-09-19
163,00;2017-09-20
139,59;2017-09-21
107,49;2017-09-22
95,89;2017-09-23
97,24;2017-09-24
55,39;2017-09-25
133,39;2017-09-26
132,11;2017-09-27
150,35;2017-09-28
72,12;2017-09-29
63,87;2017-09-30
60,64;2017-10-01
148,88;2017-10-02
90,38;2017-10-03
108,68;2017-10-04
83,91;2017-10-05
151,48;2017-10-06
79,36;2017-10-07
95,70;2017-10-08
61,34;2017-10-09
95,96;2017-10-10
115,26;2017-10-11
85,93;2017-10-12
68,34;2017-10-13
87,71;2017-10-14
98,54;2017-10-15
111,01;2017-10-16
108,02;2017-10-17
118,03;2017-10-18
121,04;2017-10-19
72,26;2017-10-20
60,99;2017-10-21
36,40;2017-10-22
104,01;2017-10-23
110,13;2017-10-24
119,09;2017-10-25
83,76;2017-10-26
94,87;2017-10-27
62,33;2017-10-28
49,63;2017-10-29
97,43;2017-10-30
68,25;2017-10-31
75,86;2017-11-01
188,31;2017-11-02
88,23;2017-11-03
43,89;2017-11-04
105,50;2017-11-05
132,50;2017-11-06
113,53;2017-11-07
181,09;2017-11-08
109,61;2017-11-09
107,60;2017-11-10
51,85;2017-11-11
59,55;2017-11-12
83,04;2017-11-13
111,66;2017-11-14
71,93;2017-11-15
119,27;2017-11-16
49,27;2017-11-17
26,96;2017-11-18
60,78;2017-11-19
57,03;2017-11-20
144,84;2017-11-21
143,44;2017-11-22
48,65;2017-11-23
74,13;2017-11-24
55,61;2017-11-25
16,44;2017-11-26
164,18;2017-11-27
101,45;2017-11-28
99,85;2017-11-29
111,56;2017-11-30
110,04;2017-12-01
21,39;2017-12-02
34,65;2017-12-03
64,41;2017-12-04
133,24;2017-12-05
109,02;2017-12-06
64,61;2017-12-07
89,09;2017-12-08
55,40;2017-12-09
96,34;2017-12-10
142,70;2017-12-11
97,68;2017-12-12
80,26;2017-12-13
104,08;2017-12-14
90,98;2017-12-15
37,32;2017-12-16
53,29;2017-12-17
67,39;2017-12-18
78,64;2017-12-19
93,05;2017-12-20
94,13;2017-12-21
69,98;2017-12-22
67,18;2017-12-23
89,53;2017-12-24
73,61;2017-12-25
97,95;2017-12-26
115,55;2017-12-27
128,48;2017-12-28
121,56;2017-12-29
93,79;2017-12-30
47,66;2017-12-31
96,58;2018-01-01
188,69;2018-01-02
138,02;2018-01-03
146,36;2018-01-04
66,52;2018-01-05
78,95;2018-01-06
30,46;2018-01-07
82,17;2018-01-08
77,14;2018-01-09
71,72;2018-01-10
95,51;2018-01-11
167,51;2018-01-12
83,79;2018-01-13
63,25;2018-01-14
58,96;2018-01-15
58,75;2018-01-16
128,26;2018-01-17
82,81;2018-01-18
102,11;2018-01-19
68,95;2018-01-20
71,32;2018-01-21
130,00;2018-01-22
129,00;2018-01-23
136,35;2018-01-24
82,49;2018-01-25
65,84;2018-01-26
43,26;2018-01-27
32,48;2018-01-28
76,44;2018-01-29
95,89;2018-01-30
102,41;2018-01-31
52,32;2018-02-01
30,99;2018-02-02
72,01;2018-02-03
53,43;2018-02-04
84,58;2018-02-05
56,74;2018-02-06
76,44;2018-02-07
93,48;2018-02-08
72,10;2018-02-09
36,40;2018-02-10
44,66;2018-02-11
124,50;2018-02-12
73,42;2018-02-13
37,50;2018-02-14
69,70;2018-02-15
53,12;2018-02-16
50,92;2018-02-17
64,83;2018-02-18
91,54;2018-02-19
91,38;2018-02-20
72,12;2018-02-21
53,79;2018-02-22
74,93;2018-02-23
48,80;2018-02-24
37,22;2018-02-25
90,38;2018-02-26
65,60;2018-02-27
70,13;2018-02-28
93,71;2018-03-01
151,31;2018-03-02
47,11;2018-03-03
55,79;2018-03-04
108,15;2018-03-05
88,45;2018-03-06
134,18;2018-03-07
106,10;2018-03-08
101,21;2018-03-09
106,65;2018-03-10
72,64;2018-03-11
135,90;2018-03-12
119,59;2018-03-13
95,00;2018-03-14
189,41;2018-03-15
173,33;2018-03-16
86,77;2018-03-17
61,63;2018-03-18
95,19;2018-03-19
134,78;2018-03-20
171,26;2018-03-21
162,07;2018-03-22
84,12;2018-03-23
148,64;2018-03-24
54,60;2018-03-25
81,38;2018-03-26
90,82;2018-03-27
91,53;2018-03-28
176,91;2018-03-29
48,48;2018-03-30
119,91;2018-03-31
44,87;2018-04-01
139,22;2018-04-02
105,72;2018-04-03
70,67;2018-04-04
69,10;2018-04-05
100,50;2018-04-06
101,63;2018-04-07
84,40;2018-04-08
102,21;2018-04-09
213,29;2018-04-10
102,49;2018-04-11
296,52;2018-04-12
117,61;2018-04-13
95,67;2018-04-14
96,12;2018-04-15
194,29;2018-04-16
178,37;2018-04-17
234,36;2018-04-18
214,14;2018-04-19
71,07;2018-04-20
48,05;2018-04-21
29,31;2018-04-22
88,52;2018-04-23
150,57;2018-04-24
193,13;2018-04-25
146,27;2018-04-26
91,80;2018-04-27
93,78;2018-04-28
52,58;2018-04-29
134,54;2018-04-30
155,35;2018-05-01
186,62;2018-05-02
125,34;2018-05-03
139,02;2018-05-04
64,47;2018-05-05
22,95;2018-05-06
79,70;2018-05-07
125,37;2018-05-08
284,19;2018-05-09
233,39;2018-05-10
163,63;2018-05-11
99,88;2018-05-12
98,32;2018-05-13
125,73;2018-05-14
112,64;2018-05-15
150,57;2018-05-16
152,69;2018-05-17
92,46;2018-05-18
55,54;2018-05-19
35,24;2018-05-20
125,67;2018-05-21
81,85;2018-05-22
179,17;2018-05-23
153,59;2018-05-24
140,56;2018-05-25
108,21;2018-05-26
84,35;2018-05-27
102,57;2018-05-28
71,24;2018-05-29
141,91;2018-05-30
92,14;2018-05-31
186,23;2018-06-01
90,71;2018-06-02
54,56;2018-06-03
146,14;2018-06-04
178,04;2018-06-05
108,61;2018-06-06
88,73;2018-06-07
116,16;2018-06-08
79,71;2018-06-09
91,43;2018-06-10
135,01;2018-06-11
155,89;2018-06-12
140,87;2018-06-13
188,49;2018-06-14
69,98;2018-06-15
125,57;2018-06-16
24,54;2018-06-17
47,08;2018-06-18
99,42;2018-06-19
121,34;2018-06-20
93,60;2018-06-21
57,31;2018-06-22
29,68;2018-06-23
47,91;2018-06-24
87,78;2018-06-25
137,23;2018-06-26
130,60;2018-06-27
88,44;2018-06-28
141,04;2018-06-29
38,60;2018-06-30
59,29;2018-07-01
123,03;2018-07-02
146,82;2018-07-03
49,22;2018-07-04
119,57;2018-07-05
128,33;2018-07-06
82,66;2018-07-07
68,07;2018-07-08
170,47;2018-07-09
121,88;2018-07-10
125,25;2018-07-11
172,86;2018-07-12
125,48;2018-07-13
102,95;2018-07-14
104,61;2018-07-15
168,76;2018-07-16
100,80;2018-07-17
88,57;2018-07-18
143,05;2018-07-19
54,10;2018-07-20
121,86;2018-07-21
72,71;2018-07-22
161,71;2018-07-23
161,13;2018-07-24
105,16;2018-07-25
107,87;2018-07-26
119,33;2018-07-27
38,48;2018-07-28
23,49;2018-07-29
118,86;2018-07-30
109,94;2018-07-31
140,03;2018-08-01
121,88;2018-08-02
147,88;2018-08-03
84,68;2018-08-04
53,93;2018-08-05
162,55;2018-08-06
200,46;2018-08-07
129,06;2018-08-08
170,89;2018-08-09
121,94;2018-08-10
156,45;2018-08-11
85,74;2018-08-12
142,48;2018-08-13
136,40;2018-08-14
111,39;2018-08-15
128,16;2018-08-16
107,13;2018-08-17
54,92;2018-08-18
57,11;2018-08-19
106,86;2018-08-20
152,00;2018-08-21
119,33;2018-08-22
120,29;2018-08-23
44,46;2018-08-24
72,99;2018-08-25
43,40;2018-08-26
109,46;2018-08-27
134,44;2018-08-28
139,90;2018-08-29
86,17;2018-08-30
62,03;2018-08-31
80,25;2018-09-01
49,13;2018-09-02
94,17;2018-09-03
14,36;2018-09-04
85,93;2018-09-05
97,69;2018-09-06
87,87;2018-09-07
59,63;2018-09-08
47,52;2018-09-09
55,42;2018-09-10
81,84;2018-09-11
80,89;2018-09-12
68,57;2018-09-13
118,31;2018-09-14
63,41;2018-09-15
7,23;2018-09-16
91,08;2018-09-17
105,01;2018-09-18
58,63;2018-09-19
107,93;2018-09-20
113,79;2018-09-21
37,81;2018-09-22
27,95;2018-09-23
143,44;2018-09-24
95,44;2018-09-25
110,16;2018-09-26
73,70;2018-09-27
81,46;2018-09-28
44,05;2018-09-29
36,24;2018-09-30
120,77;2018-10-01
36,01;2018-10-02
94,42;2018-10-03
69,01;2018-10-04
78,22;2018-10-05
50,72;2018-10-06
42,56;2018-10-07
49,11;2018-10-08
95,88;2018-10-09
104,20;2018-10-10
130,71;2018-10-11
87,07;2018-10-12
48,10;2018-10-13
81,79;2018-10-14
122,86;2018-10-15
134,62;2018-10-16
117,82;2018-10-17
127,06;2018-10-18
106,20;2018-10-19
86,23;2018-10-20
35,09;2018-10-21
83,92;2018-10-22
108,82;2018-10-23
127,58;2018-10-24
141,05;2018-10-25
159,10;2018-10-26
94,45;2018-10-27
51,07;2018-10-28
94,36;2018-10-29
109,74;2018-10-30
81,53;2018-10-31
101,45;2018-11-01
103,39;2018-11-02
47,92;2018-11-03
44,34;2018-11-04
114,68;2018-11-05
62,59;2018-11-06
140,43;2018-11-07
60,82;2018-11-08
114,37;2018-11-09
37,61;2018-11-10
22,59;2018-11-11
42,74;2018-11-12
142,28;2018-11-13
33,38;2018-11-14
106,86;2018-11-15
44,55;2018-11-16
45,59;2018-11-17
34,80;2018-11-18
55,67;2018-11-19
58,04;2018-11-20
84,63;2018-11-21
58,46;2018-11-22
135,30;2018-11-23
70,05;2018-11-24
62,21;2018-11-25
101,26;2018-11-26
129,90;2018-11-27
100,89;2018-11-28
96,02;2018-11-29
142,19;2018-11-30
53,18;2018-12-01
21,42;2018-12-02
50,19;2018-12-03
99,66;2018-12-04
103,39;2018-12-05
131,28;2018-12-06
196,08;2018-12-07
76,75;2018-12-08
35,62;2018-12-09
90,95;2018-12-10
95,39;2018-12-11
85,98;2018-12-12
132,15;2018-12-13
120,08;2018-12-14
76,80;2018-12-15
39,25;2018-12-16
72,80;2018-12-17
72,22;2018-12-18
62,33;2018-12-19
162,69;2018-12-20
210,32;2018-12-21
64,05;2018-12-22
81,79;2018-12-23
111,24;2018-12-24
65,60;2018-12-25
63,10;2018-12-26
30,22;2018-12-27
102,01;2018-12-28
58,20;2018-12-29
32,56;2018-12-30
86,68;2018-12-31
83,74;2019-01-01
